ref_area,indicator,source,time,obs_value,note_indicator,note_source
ALB,ILR_CBCT_NOC_RT,FX:7131,2009,40.6,,S9:66
ALB,ILR_CBCT_NOC_RT,FX:7131,2012,45.5,,S9:66
ALB,ILR_CBCT_NOC_RT,FX:7131,2013,55.8,,S9:66
ALB,ILR_CBCT_NOC_RT,FX:7131,2014,56.5,,S9:66
ALB,ILR_CBCT_NOC_RT,FX:7131,2015,56.6,,S9:66
ALB,ILR_CBCT_NOC_RT,FX:7131,2016,54.4,,S9:66
ALB,ILR_CBCT_NOC_RT,FX:7131,2017,50.9,,S9:66
ALB,ILR_CBCT_NOC_RT,FX:7131,2018,51.1,,S9:66
ARG,ILR_CBCT_NOC_RT,FX:8237,2008,50.9,,S9:66
ARG,ILR_CBCT_NOC_RT,FX:8237,2009,50.6,,S9:66
ARG,ILR_CBCT_NOC_RT,FX:8237,2010,52.4,,S9:66
ARG,ILR_CBCT_NOC_RT,FX:8237,2011,51.2,,S9:66
ARG,ILR_CBCT_NOC_RT,FX:8237,2012,50.5,,S9:66
ARG,ILR_CBCT_NOC_RT,FX:8237,2013,51.5,,S9:66
ARG,ILR_CBCT_NOC_RT,FX:8237,2014,51,,S9:66
ARG,ILR_CBCT_NOC_RT,FX:8237,2015,52.9,,S9:66
ARG,ILR_CBCT_NOC_RT,FX:8237,2016,51.8,,S9:66
ARG,ILR_CBCT_NOC_RT,FX:8237,2017,48.4,,S9:66
ARG,ILR_CBCT_NOC_RT,FX:8237,2018,49.4,,S9:66
ARM,ILR_CBCT_NOC_RT,FI:171,2009,25.3,,S9:66
ARM,ILR_CBCT_NOC_RT,FI:171,2010,25.1,,S9:66
ARM,ILR_CBCT_NOC_RT,FI:171,2015,24.9,,S9:66
ARM,ILR_CBCT_NOC_RT,FI:171,2016,24.1,,S9:66
ARM,ILR_CBCT_NOC_RT,FI:171,2017,25.7,,S9:66
ARM,ILR_CBCT_NOC_RT,FI:171,2018,19.9,,S9:66
ARM,ILR_CBCT_NOC_RT,FI:171,2019,19.4,,S9:66
AUS,ILR_CBCT_NOC_RT,DA:603,2004,64.4,T32:3476,S9:66
AUS,ILR_CBCT_NOC_RT,DA:603,2006,63.3,T32:3476,S9:66
AUS,ILR_CBCT_NOC_RT,DA:603,2008,59.3,T32:3476,S9:66
AUS,ILR_CBCT_NOC_RT,DA:603,2010,61.1,T32:3476,S9:66
AUS,ILR_CBCT_NOC_RT,DA:603,2012,60,T32:3476,S9:66
AUS,ILR_CBCT_NOC_RT,DA:603,2014,62,T32:3476,S9:66
AUS,ILR_CBCT_NOC_RT,DA:603,2016,61.3,T32:3476,S9:66
AUS,ILR_CBCT_NOC_RT,DA:603,2018,61.2,T32:3476,S9:66
AUT,ILR_CBCT_NOC_RT,XX:8241,2000,98,T32:3476,S7:57_S9:66
AUT,ILR_CBCT_NOC_RT,XX:8241,2001,98,T32:3476,S7:57_S9:66
AUT,ILR_CBCT_NOC_RT,XX:8241,2002,98,T32:3476,S7:57_S9:66
AUT,ILR_CBCT_NOC_RT,XX:8241,2003,98,T32:3476,S7:57_S9:66
AUT,ILR_CBCT_NOC_RT,XX:8241,2004,98,T32:3476,S7:57_S9:66
AUT,ILR_CBCT_NOC_RT,XX:8241,2005,98,T32:3476,S7:57_S9:66
AUT,ILR_CBCT_NOC_RT,XX:8241,2006,98,T32:3476,S7:57_S9:66
AUT,ILR_CBCT_NOC_RT,XX:8241,2007,98,T32:3476,S7:57_S9:66
AUT,ILR_CBCT_NOC_RT,XX:8241,2008,98,T32:3476,S7:57_S9:66
AUT,ILR_CBCT_NOC_RT,XX:8241,2009,98,T32:3476,S7:57_S9:66
AUT,ILR_CBCT_NOC_RT,XX:8241,2010,98,T32:3476,S7:57_S9:66
AUT,ILR_CBCT_NOC_RT,XX:8241,2011,98,T32:3476,S7:57_S9:66
AUT,ILR_CBCT_NOC_RT,XX:8241,2012,98,T32:3476,S7:57_S9:66
AUT,ILR_CBCT_NOC_RT,XX:8241,2013,98,T32:3476,S7:57_S9:66
AUT,ILR_CBCT_NOC_RT,XX:8241,2014,98,T32:3476,S7:57_S9:66
AUT,ILR_CBCT_NOC_RT,XX:8241,2015,98,T32:3476,S7:57_S9:66
AUT,ILR_CBCT_NOC_RT,XX:8241,2016,98,T32:3476,S7:57_S9:66
AUT,ILR_CBCT_NOC_RT,XX:8241,2017,98,T32:3476,S7:57_S9:66
AUT,ILR_CBCT_NOC_RT,XX:8241,2018,98,T32:3476,S7:57_S9:66
AUT,ILR_CBCT_NOC_RT,XX:8241,2019,98,T32:3476,S7:57_S9:66
BEL,ILR_CBCT_NOC_RT,FX:8243,2000,96,T32:3476,S9:66
BEL,ILR_CBCT_NOC_RT,FX:8243,2001,96,T32:3476,S9:66
BEL,ILR_CBCT_NOC_RT,FX:8243,2002,96,T32:3476,S9:66
BEL,ILR_CBCT_NOC_RT,FX:8243,2003,96,T32:3476,S9:66
BEL,ILR_CBCT_NOC_RT,FX:8243,2004,96,T32:3476,S9:66
BEL,ILR_CBCT_NOC_RT,FX:8243,2005,96,T32:3476,S9:66
BEL,ILR_CBCT_NOC_RT,FX:8243,2006,96,T32:3476,S9:66
BEL,ILR_CBCT_NOC_RT,FX:8243,2007,96,T32:3476,S9:66
BEL,ILR_CBCT_NOC_RT,FX:8243,2008,96,T32:3476,S9:66
BEL,ILR_CBCT_NOC_RT,FX:8243,2009,96,T32:3476,S9:66
BEL,ILR_CBCT_NOC_RT,FX:8243,2010,96,,S9:66
BEL,ILR_CBCT_NOC_RT,FX:8243,2011,96,,S9:66
BEL,ILR_CBCT_NOC_RT,FX:8243,2012,96,,S9:66
BEL,ILR_CBCT_NOC_RT,FX:8243,2013,96,,S9:66
BEL,ILR_CBCT_NOC_RT,FX:8243,2014,96,,S9:66
BEL,ILR_CBCT_NOC_RT,FX:8243,2015,96,,S9:66
BEL,ILR_CBCT_NOC_RT,FX:8243,2016,96,,S9:66
BEL,ILR_CBCT_NOC_RT,FX:8243,2017,96,,S9:66
BEL,ILR_CBCT_NOC_RT,FX:8243,2018,96,,S9:66
BEL,ILR_CBCT_NOC_RT,FX:8243,2019,96,,S9:66
BGD,ILR_CBCT_NOC_RT,FX:805,2006,5,T32:3477,S9:66
BGD,ILR_CBCT_NOC_RT,XX:16045,2016,2.6,T32:3476,S9:66
BGD,ILR_CBCT_NOC_RT,XX:16045,2017,2.3,T32:3476,S9:66
BGD,ILR_CBCT_NOC_RT,XX:16045,2018,1.6,T32:3476,S9:66
BGD,ILR_CBCT_NOC_RT,XX:16045,2019,1.6,T32:3476,S9:66
BGD,ILR_CBCT_NOC_RT,XX:16045,2020,1.6,T32:3476,S9:66
BGR,ILR_CBCT_NOC_RT,FE:3510,2011,10.6,T32:4131,S9:66
BGR,ILR_CBCT_NOC_RT,FE:3510,2012,12.8,T32:4131,S9:66
BGR,ILR_CBCT_NOC_RT,FE:3510,2013,12.5,T32:4131,S9:66
BGR,ILR_CBCT_NOC_RT,FE:3510,2014,12.2,T32:4131,S9:66
BGR,ILR_CBCT_NOC_RT,FE:3510,2015,11.6,T32:4131,S9:66
BGR,ILR_CBCT_NOC_RT,FE:3510,2016,10.8,T32:4131,S9:66
BIH,ILR_CBCT_NOC_RT,XX:8244,2012,50,,S9:66
BLZ,ILR_CBCT_NOC_RT,FX:3509,2011,9.5,,S9:66
BLZ,ILR_CBCT_NOC_RT,FX:3509,2012,9.1,,S9:66
BRA,ILR_CBCT_NOC_RT,BX:356,2009,58.8,T32:3476,S9:3479
BRA,ILR_CBCT_NOC_RT,BX:356,2011,63.6,,S9:3479
BRA,ILR_CBCT_NOC_RT,BX:356,2012,66,,S9:3479
BRA,ILR_CBCT_NOC_RT,BX:356,2013,67.5,,S9:3479
BRA,ILR_CBCT_NOC_RT,BX:356,2014,71.7,,S9:3479
BRA,ILR_CBCT_NOC_RT,BX:356,2015,65.8,,S9:3479
BRA,ILR_CBCT_NOC_RT,BX:356,2016,61.9,,S9:3479
BRA,ILR_CBCT_NOC_RT,BX:356,2017,59.9,,S9:3479
BRA,ILR_CBCT_NOC_RT,BX:356,2018,58.5,,S9:3479
BRA,ILR_CBCT_NOC_RT,BX:356,2019,57.7,,S9:3479
BRA,ILR_CBCT_NOC_RT,BX:356,2020,64.8,,S9:3479
BWA,ILR_CBCT_NOC_RT,XX:16046,2016,36.1,,S9:66
BWA,ILR_CBCT_NOC_RT,XX:16046,2017,36,,S9:66
BWA,ILR_CBCT_NOC_RT,XX:16046,2018,37.9,,S9:66
BWA,ILR_CBCT_NOC_RT,XX:16046,2019,33.8,,S9:66
BWA,ILR_CBCT_NOC_RT,XX:16046,2020,34.5,,S9:66
CAN,ILR_CBCT_NOC_RT,BA:147,2000,32.3,T32:4132,S9:66
CAN,ILR_CBCT_NOC_RT,BA:147,2001,32.3,T32:4132,S9:66
CAN,ILR_CBCT_NOC_RT,BA:147,2002,32.2,T32:4132,S9:66
CAN,ILR_CBCT_NOC_RT,BA:147,2003,32.2,T32:4132,S9:66
CAN,ILR_CBCT_NOC_RT,BA:147,2004,31.7,T32:4132,S9:66
CAN,ILR_CBCT_NOC_RT,BA:147,2005,32,T32:4132,S9:66
CAN,ILR_CBCT_NOC_RT,BA:147,2006,31.7,T32:4132,S9:66
CAN,ILR_CBCT_NOC_RT,BA:147,2007,31.6,T32:4132,S9:66
CAN,ILR_CBCT_NOC_RT,BA:147,2008,31.2,T32:4132,S9:66
CAN,ILR_CBCT_NOC_RT,BA:147,2009,31.5,T32:4132,S9:66
CAN,ILR_CBCT_NOC_RT,BA:147,2010,31.4,,S9:66
CAN,ILR_CBCT_NOC_RT,BA:147,2011,31,,S9:66
CAN,ILR_CBCT_NOC_RT,BA:147,2012,31.3,,S9:66
CAN,ILR_CBCT_NOC_RT,BA:147,2013,31.1,,S9:66
CAN,ILR_CBCT_NOC_RT,BA:147,2014,30.4,,S9:66
CAN,ILR_CBCT_NOC_RT,BA:147,2015,30.6,,S9:66
CAN,ILR_CBCT_NOC_RT,BA:147,2016,30.3,,S9:66
CAN,ILR_CBCT_NOC_RT,BA:147,2017,30.4,,S9:66
CAN,ILR_CBCT_NOC_RT,BA:147,2018,30.1,,S9:66
CAN,ILR_CBCT_NOC_RT,BA:147,2019,30.2,,S9:66
CAN,ILR_CBCT_NOC_RT,BA:147,2020,31.3,,S9:66
CHE,ILR_CBCT_NOC_RT,XX:8285,2001,39.9,T32:3476,S9:66
CHE,ILR_CBCT_NOC_RT,XX:8285,2003,41.7,T32:3476,S9:66
CHE,ILR_CBCT_NOC_RT,XX:8285,2005,44.6,T32:3476,S9:66
CHE,ILR_CBCT_NOC_RT,XX:8285,2007,44.7,T32:3476,S9:66
CHE,ILR_CBCT_NOC_RT,XX:8285,2009,44.7,T32:3476,S9:66
CHE,ILR_CBCT_NOC_RT,XX:8285,2012,47.4,,S9:66
CHE,ILR_CBCT_NOC_RT,XX:8285,2014,47.2,,S9:66
CHE,ILR_CBCT_NOC_RT,XX:8285,2016,48,,S9:66
CHE,ILR_CBCT_NOC_RT,XX:8285,2018,47.7,,S9:66
CHL,ILR_CBCT_NOC_RT,FX:137,2009,14.8,,S3:24_S7:57_S9:66
CHL,ILR_CBCT_NOC_RT,FX:137,2010,15.4,,S3:24_S7:57_S9:66
CHL,ILR_CBCT_NOC_RT,FX:137,2011,15.6,,S3:24_S7:57_S9:66
CHL,ILR_CBCT_NOC_RT,FX:137,2012,16.6,,S3:24_S7:57_S9:66
CHL,ILR_CBCT_NOC_RT,FX:137,2013,17.3,,S3:24_S7:57_S9:66
CHL,ILR_CBCT_NOC_RT,FX:137,2014,18.1,,S3:24_S7:57_S9:66
CHL,ILR_CBCT_NOC_RT,FX:137,2015,17.6,,S3:24_S7:57_S9:66
CHL,ILR_CBCT_NOC_RT,FX:137,2016,17.9,,S3:24_S7:57_S9:66
CHL,ILR_CBCT_NOC_RT,FX:137,2017,20.5,,S3:24_S7:57_S9:66
CHL,ILR_CBCT_NOC_RT,FX:137,2018,21,,S3:24_S7:57_S9:66
CHN,ILR_CBCT_NOC_RT,FI:783,2000,18.1,T32:3477_T32:3504,S9:66
CHN,ILR_CBCT_NOC_RT,FI:783,2006,16.1,T32:3477_T32:3504,S9:66
CHN,ILR_CBCT_NOC_RT,FI:783,2008,22.3,T32:3477_T32:3504,S9:66
CHN,ILR_CBCT_NOC_RT,FI:783,2009,23.4,T32:3477_T32:3504,S9:66
CHN,ILR_CBCT_NOC_RT,FI:783,2010,26.7,T32:3477_T32:3504,S9:66
CHN,ILR_CBCT_NOC_RT,FI:783,2011,32.6,T32:3477_T32:3504,S9:66
CHN,ILR_CBCT_NOC_RT,FI:783,2012,39.3,T32:3477_T32:3504,S9:66
CHN,ILR_CBCT_NOC_RT,FI:783,2013,42.5,T32:3477_T32:3504,S9:66
CHN,ILR_CBCT_NOC_RT,FI:783,2016,44.9,T32:3477_T32:3504,S9:66
CHN,ILR_CBCT_NOC_RT,FI:783,2017,45,T32:3477_T32:3504,S9:66
CMR,ILR_CBCT_NOC_RT,XX:16048,2016,16.5,,S9:66
COL,ILR_CBCT_NOC_RT,EA:13418,2008,0.8,,S9:66
COL,ILR_CBCT_NOC_RT,EA:13418,2009,1.1,,S9:66
COL,ILR_CBCT_NOC_RT,EA:13418,2010,0.7,,S9:66
COL,ILR_CBCT_NOC_RT,EA:13418,2011,1,,S9:66
COL,ILR_CBCT_NOC_RT,EA:13418,2012,0.9,,S9:66
COL,ILR_CBCT_NOC_RT,EA:13418,2013,10.7,,S9:66
COL,ILR_CBCT_NOC_RT,EA:13418,2014,12.3,,S9:66
COL,ILR_CBCT_NOC_RT,EA:13418,2015,14.5,,S9:66
COL,ILR_CBCT_NOC_RT,EA:13418,2016,15.7,,S9:66
CRI,ILR_CBCT_NOC_RT,FX:13421,2011,4.6,,S9:66
CRI,ILR_CBCT_NOC_RT,FX:13421,2012,4.2,,S9:66
CRI,ILR_CBCT_NOC_RT,FX:13421,2013,9.5,,S9:66
CRI,ILR_CBCT_NOC_RT,FX:13421,2014,9.3,,S9:66
CRI,ILR_CBCT_NOC_RT,FX:13421,2015,9.3,,S9:66
CRI,ILR_CBCT_NOC_RT,FX:13421,2016,10.6,,S9:66
CRI,ILR_CBCT_NOC_RT,FX:13421,2017,10.8,,S9:66
CRI,ILR_CBCT_NOC_RT,FX:13421,2018,10.2,,S9:66
CRI,ILR_CBCT_NOC_RT,FX:13421,2019,10.3,,S9:66
CRI,ILR_CBCT_NOC_RT,FX:13421,2020,11.8,,S9:66
CUB,ILR_CBCT_NOC_RT,FI:797,2008,81.4,,S9:66
CUB,ILR_CBCT_NOC_RT,FI:797,2018,76.8,,S9:66
CYP,ILR_CBCT_NOC_RT,XX:8251,2000,65.1,,S9:66
CYP,ILR_CBCT_NOC_RT,XX:8251,2001,62.1,,S9:66
CYP,ILR_CBCT_NOC_RT,XX:8251,2002,63.2,,S9:66
CYP,ILR_CBCT_NOC_RT,XX:8251,2003,64,,S9:66
CYP,ILR_CBCT_NOC_RT,XX:8251,2004,62.7,,S9:66
CYP,ILR_CBCT_NOC_RT,XX:8251,2005,59.8,,S9:66
CYP,ILR_CBCT_NOC_RT,XX:8251,2006,58.1,,S9:66
CYP,ILR_CBCT_NOC_RT,XX:8251,2007,54.6,,S9:66
CYP,ILR_CBCT_NOC_RT,XX:8251,2008,52.9,,S9:66
CYP,ILR_CBCT_NOC_RT,XX:8251,2009,52.4,,S9:66
CYP,ILR_CBCT_NOC_RT,XX:8251,2010,50,,S9:66
CYP,ILR_CBCT_NOC_RT,XX:8251,2011,48.6,,S9:66
CYP,ILR_CBCT_NOC_RT,XX:8251,2012,48.5,,S9:66
CYP,ILR_CBCT_NOC_RT,XX:8251,2013,48.6,,S9:66
CYP,ILR_CBCT_NOC_RT,XX:8251,2014,47.7,,S9:66
CYP,ILR_CBCT_NOC_RT,XX:8251,2015,43.6,,S9:66
CYP,ILR_CBCT_NOC_RT,XX:8251,2016,43.3,,S9:66
CZE,ILR_CBCT_NOC_RT,FE:8253,2000,33.2,,S9:66
CZE,ILR_CBCT_NOC_RT,FE:8253,2001,26.6,,S9:66
CZE,ILR_CBCT_NOC_RT,FE:8253,2002,29.6,,S9:66
CZE,ILR_CBCT_NOC_RT,FE:8253,2003,31.9,,S9:66
CZE,ILR_CBCT_NOC_RT,FE:8253,2004,37.5,T32:3476,S9:66
CZE,ILR_CBCT_NOC_RT,FE:8253,2005,35.2,T32:3476,S9:66
CZE,ILR_CBCT_NOC_RT,FE:8253,2006,34.3,T32:3476,S9:66
CZE,ILR_CBCT_NOC_RT,FE:8253,2007,33.8,T32:3476,S9:66
CZE,ILR_CBCT_NOC_RT,FE:8253,2008,35.3,T32:3476,S9:66
CZE,ILR_CBCT_NOC_RT,FE:8253,2009,35,T32:3476,S9:66
CZE,ILR_CBCT_NOC_RT,FE:8253,2010,33.1,T32:3476,S9:66
CZE,ILR_CBCT_NOC_RT,FE:8253,2011,34,T32:3476,S9:66
CZE,ILR_CBCT_NOC_RT,FE:8253,2012,33.9,T32:3476,S9:66
CZE,ILR_CBCT_NOC_RT,FE:8253,2013,33.6,T32:3476,S9:66
CZE,ILR_CBCT_NOC_RT,FE:8253,2014,31.6,T32:3476,S9:66
CZE,ILR_CBCT_NOC_RT,FE:8253,2015,31.6,T32:3476,S9:66
CZE,ILR_CBCT_NOC_RT,FE:8253,2016,30.3,T32:3476,S9:66
CZE,ILR_CBCT_NOC_RT,FE:8253,2017,30.9,T32:3476,S9:66
CZE,ILR_CBCT_NOC_RT,FE:8253,2018,31.5,T32:3476,S9:66
CZE,ILR_CBCT_NOC_RT,FE:8253,2019,32.1,T32:3476,S9:66
DEU,ILR_CBCT_NOC_RT,DA:311,2000,67.8,,S9:66
DEU,ILR_CBCT_NOC_RT,DA:311,2001,68.8,,S9:66
DEU,ILR_CBCT_NOC_RT,DA:311,2002,67.8,,S9:66
DEU,ILR_CBCT_NOC_RT,DA:311,2003,67.6,,S9:66
DEU,ILR_CBCT_NOC_RT,DA:311,2004,65.3,,S9:66
DEU,ILR_CBCT_NOC_RT,DA:311,2005,63.7,,S9:66
DEU,ILR_CBCT_NOC_RT,DA:311,2006,62.1,,S9:66
DEU,ILR_CBCT_NOC_RT,DA:311,2007,60.6,,S9:66
DEU,ILR_CBCT_NOC_RT,DA:311,2008,60.5,,S9:66
DEU,ILR_CBCT_NOC_RT,DA:311,2009,61.7,,S9:66
DEU,ILR_CBCT_NOC_RT,DA:311,2010,59.8,,S9:66
DEU,ILR_CBCT_NOC_RT,DA:311,2011,58.9,,S9:66
DEU,ILR_CBCT_NOC_RT,DA:311,2012,58.3,,S9:66
DEU,ILR_CBCT_NOC_RT,DA:311,2013,57.6,,S9:66
DEU,ILR_CBCT_NOC_RT,DA:311,2014,57.8,,S9:66
DEU,ILR_CBCT_NOC_RT,DA:311,2015,56.8,,S9:66
DEU,ILR_CBCT_NOC_RT,DA:311,2016,56.4,,S9:66
DEU,ILR_CBCT_NOC_RT,DA:311,2017,54.5,,S9:66
DEU,ILR_CBCT_NOC_RT,DA:311,2018,54.3,,S9:66
DEU,ILR_CBCT_NOC_RT,DA:311,2019,51.8,,S9:66
DNK,ILR_CBCT_NOC_RT,FH:8254,2000,85,T32:3476,S9:66
DNK,ILR_CBCT_NOC_RT,FH:8254,2004,85,T32:3476,S9:66
DNK,ILR_CBCT_NOC_RT,FH:8254,2006,84,T32:3476,S9:66
DNK,ILR_CBCT_NOC_RT,FH:8254,2007,81,T32:3476,S9:66
DNK,ILR_CBCT_NOC_RT,FH:8254,2009,82,T32:3476,S9:66
DNK,ILR_CBCT_NOC_RT,FH:8254,2010,83,,S9:66
DNK,ILR_CBCT_NOC_RT,FH:8254,2013,84,,S9:66
DNK,ILR_CBCT_NOC_RT,FH:8254,2014,83.5,,S9:66
DNK,ILR_CBCT_NOC_RT,FH:8254,2015,84,,S9:66
DNK,ILR_CBCT_NOC_RT,FH:8254,2018,80.3,,S9:66
DOM,ILR_CBCT_NOC_RT,FX:16062,2008,8,,S9:66
EGY,ILR_CBCT_NOC_RT,FX:791,2008,3.5,,S9:66
ESP,ILR_CBCT_NOC_RT,FE:623,2000,82.9,T32:3476,S9:66
ESP,ILR_CBCT_NOC_RT,FE:623,2001,81.5,T32:3476,S9:66
ESP,ILR_CBCT_NOC_RT,FE:623,2002,79,T32:3476,S9:66
ESP,ILR_CBCT_NOC_RT,FE:623,2003,77.7,T32:3476,S9:66
ESP,ILR_CBCT_NOC_RT,FE:623,2004,76.1,T32:3476,S9:66
ESP,ILR_CBCT_NOC_RT,FE:623,2005,76,T32:3476,S9:66
ESP,ILR_CBCT_NOC_RT,FE:623,2006,75.4,T32:3476,S9:66
ESP,ILR_CBCT_NOC_RT,FE:623,2007,76,T32:3476,S9:66
ESP,ILR_CBCT_NOC_RT,FE:623,2008,78.9,T32:3476,S9:66
ESP,ILR_CBCT_NOC_RT,FE:623,2009,80.9,T32:3476,S9:66
ESP,ILR_CBCT_NOC_RT,FE:623,2010,79.4,,S9:66
ESP,ILR_CBCT_NOC_RT,FE:623,2011,79.8,,S9:66
ESP,ILR_CBCT_NOC_RT,FE:623,2012,80.1,,S9:66
ESP,ILR_CBCT_NOC_RT,FE:623,2013,84.6,,S9:66
ESP,ILR_CBCT_NOC_RT,FE:623,2014,83.4,,S9:66
ESP,ILR_CBCT_NOC_RT,FE:623,2015,79.6,,S9:66
ESP,ILR_CBCT_NOC_RT,FE:623,2016,80.8,,S9:66
ESP,ILR_CBCT_NOC_RT,FE:623,2017,78.9,,S9:66
ESP,ILR_CBCT_NOC_RT,FE:623,2018,80.1,,S9:66
EST,ILR_CBCT_NOC_RT,XX:8255,2001,28,T32:3476,S9:66
EST,ILR_CBCT_NOC_RT,XX:8255,2003,28,T32:3476,S9:66
EST,ILR_CBCT_NOC_RT,XX:8255,2004,28,T32:3476,S9:66
EST,ILR_CBCT_NOC_RT,XX:8255,2007,25,T32:3476,S9:66
EST,ILR_CBCT_NOC_RT,XX:8255,2009,24,T32:3476,S9:66
EST,ILR_CBCT_NOC_RT,XX:8255,2011,22.9,,S9:66
EST,ILR_CBCT_NOC_RT,XX:8255,2012,23,,S9:66
EST,ILR_CBCT_NOC_RT,XX:8255,2015,18.6,,S9:66
EST,ILR_CBCT_NOC_RT,XX:8255,2016,14.4,,S9:66
EST,ILR_CBCT_NOC_RT,XX:8255,2017,14.7,,S9:66
EST,ILR_CBCT_NOC_RT,XX:8255,2018,15,,S9:66
ETH,ILR_CBCT_NOC_RT,FX:7127,2013,9.8,,S9:66
ETH,ILR_CBCT_NOC_RT,FX:7127,2016,1.2,,S9:66
ETH,ILR_CBCT_NOC_RT,FX:7127,2017,1.1,,S9:66
ETH,ILR_CBCT_NOC_RT,FX:7127,2018,1.1,,S9:66
ETH,ILR_CBCT_NOC_RT,FX:7127,2019,1,,S9:66
FIN,ILR_CBCT_NOC_RT,FX:3511,2000,85,T32:3476,S9:66
FIN,ILR_CBCT_NOC_RT,FX:3511,2002,91,T32:3476,S9:66
FIN,ILR_CBCT_NOC_RT,FX:3511,2003,91,T32:3476,S9:66
FIN,ILR_CBCT_NOC_RT,FX:3511,2004,91,T32:3476,S9:66
FIN,ILR_CBCT_NOC_RT,FX:3511,2005,87.7,T32:3476,S9:66
FIN,ILR_CBCT_NOC_RT,FX:3511,2006,87.7,T32:3476,S9:66
FIN,ILR_CBCT_NOC_RT,FX:3511,2008,87.5,T32:3476,S9:66
FIN,ILR_CBCT_NOC_RT,FX:3511,2009,78.4,T32:3476,S9:66
FIN,ILR_CBCT_NOC_RT,FX:3511,2010,77.8,,S9:66
FIN,ILR_CBCT_NOC_RT,FX:3511,2011,90,,S9:66
FIN,ILR_CBCT_NOC_RT,FX:3511,2012,89.7,,S9:66
FIN,ILR_CBCT_NOC_RT,FX:3511,2013,93,,S9:66
FIN,ILR_CBCT_NOC_RT,FX:3511,2014,89.3,,S9:66
FIN,ILR_CBCT_NOC_RT,FX:3511,2015,89.3,,S9:66
FIN,ILR_CBCT_NOC_RT,FX:3511,2017,88.8,,S9:66
FIN,ILR_CBCT_NOC_RT,FX:3511,2018,89.2,,S9:66
FRA,ILR_CBCT_NOC_RT,FX:8257,2004,96.1,T32:3476,S9:66
FRA,ILR_CBCT_NOC_RT,FX:8257,2008,98,T32:3476,S9:66
FRA,ILR_CBCT_NOC_RT,FX:8257,2009,98,T32:3476,S9:66
FRA,ILR_CBCT_NOC_RT,FX:8257,2010,97.2,,S9:66
FRA,ILR_CBCT_NOC_RT,FX:8257,2011,97.1,,S9:66
FRA,ILR_CBCT_NOC_RT,FX:8257,2012,98,,S9:66
FRA,ILR_CBCT_NOC_RT,FX:8257,2013,99.2,,S9:66
FRA,ILR_CBCT_NOC_RT,FX:8257,2014,98.5,,S9:66
FRA,ILR_CBCT_NOC_RT,FX:8257,2015,98,,S9:66
FRA,ILR_CBCT_NOC_RT,FX:8257,2018,98,,S9:66
GBR,ILR_CBCT_NOC_RT,BA:666,2000,36.4,T32:3476,S9:66
GBR,ILR_CBCT_NOC_RT,BA:666,2001,35.5,T32:3476,S9:66
GBR,ILR_CBCT_NOC_RT,BA:666,2002,35.2,T32:3476,S9:66
GBR,ILR_CBCT_NOC_RT,BA:666,2003,35.5,T32:3476,S9:66
GBR,ILR_CBCT_NOC_RT,BA:666,2004,34.7,T32:3476,S9:66
GBR,ILR_CBCT_NOC_RT,BA:666,2005,34.9,T32:3476,S9:66
GBR,ILR_CBCT_NOC_RT,BA:666,2006,33.3,T32:3476,S9:66
GBR,ILR_CBCT_NOC_RT,BA:666,2007,34.6,T32:3476,S9:66
GBR,ILR_CBCT_NOC_RT,BA:666,2008,33.6,T32:3476,S9:66
GBR,ILR_CBCT_NOC_RT,BA:666,2009,32.7,T32:3476,S9:66
GBR,ILR_CBCT_NOC_RT,BA:666,2010,30.9,T32:3476,S9:66
GBR,ILR_CBCT_NOC_RT,BA:666,2011,31.2,T32:3476,S9:66
GBR,ILR_CBCT_NOC_RT,BA:666,2012,29.3,T32:3476,S9:66
GBR,ILR_CBCT_NOC_RT,BA:666,2013,29.5,T32:3476,S9:66
GBR,ILR_CBCT_NOC_RT,BA:666,2014,27.5,T32:3476,S9:66
GBR,ILR_CBCT_NOC_RT,BA:666,2015,27.9,T32:3476,S9:66
GBR,ILR_CBCT_NOC_RT,BA:666,2016,26.3,T32:3476,S9:66
GBR,ILR_CBCT_NOC_RT,BA:666,2017,26,T32:3476,S9:66
GBR,ILR_CBCT_NOC_RT,BA:666,2018,26,T32:3476,S9:66
GBR,ILR_CBCT_NOC_RT,BA:666,2019,26.9,T32:3476,S9:66
GEO,ILR_CBCT_NOC_RT,FI:16049,2020,14.4,,S9:66
GHA,ILR_CBCT_NOC_RT,EA:13414,2008,51,,S9:66
GHA,ILR_CBCT_NOC_RT,EA:13414,2009,48.5,,S9:66
GHA,ILR_CBCT_NOC_RT,EA:13414,2010,44.5,,S9:66
GHA,ILR_CBCT_NOC_RT,EA:13414,2011,37.5,,S9:66
GHA,ILR_CBCT_NOC_RT,EA:13414,2012,34.1,,S9:66
GHA,ILR_CBCT_NOC_RT,EA:13414,2013,31.8,,S9:66
GHA,ILR_CBCT_NOC_RT,EA:13414,2014,29.6,,S9:66
GHA,ILR_CBCT_NOC_RT,EA:13414,2015,28.8,,S9:66
GHA,ILR_CBCT_NOC_RT,EA:13414,2016,41.1,,S9:66
GHA,ILR_CBCT_NOC_RT,EA:13414,2017,39.1,,S9:66
GHA,ILR_CBCT_NOC_RT,EA:13414,2018,38,,S9:66
GHA,ILR_CBCT_NOC_RT,EA:13414,2019,37.1,,S9:66
GHA,ILR_CBCT_NOC_RT,EA:13414,2020,38.4,,S9:66
GRC,ILR_CBCT_NOC_RT,EB:1191,2006,82.2,T32:4133,S9:66
GRC,ILR_CBCT_NOC_RT,EB:1191,2007,82.9,T32:4133,S9:66
GRC,ILR_CBCT_NOC_RT,EB:1191,2008,83.9,T32:4133,S9:66
GRC,ILR_CBCT_NOC_RT,EB:1191,2009,83.8,T32:4133,S9:66
GRC,ILR_CBCT_NOC_RT,EB:1191,2010,65.1,T32:4133,S9:66
GRC,ILR_CBCT_NOC_RT,EB:1191,2011,61.2,T32:4133,S9:66
GRC,ILR_CBCT_NOC_RT,EB:1191,2012,51.6,T32:4133,S9:66
GRC,ILR_CBCT_NOC_RT,EB:1191,2013,42.3,T32:4133,S9:66
GRC,ILR_CBCT_NOC_RT,EB:1191,2014,15,T32:4133,S9:66
GRC,ILR_CBCT_NOC_RT,EB:1191,2015,16.7,T32:4133,S9:66
GRC,ILR_CBCT_NOC_RT,EB:1191,2016,17.8,T32:4133,S9:66
GRC,ILR_CBCT_NOC_RT,EB:1191,2017,18.7,T32:4133,S9:66
GRC,ILR_CBCT_NOC_RT,EB:1191,2018,25.8,T32:4133,S9:66
HND,ILR_CBCT_NOC_RT,BX:504,2010,3.1,,S9:66
HND,ILR_CBCT_NOC_RT,BX:504,2011,3.2,,S9:66
HND,ILR_CBCT_NOC_RT,BX:504,2012,2.9,,S9:66
HND,ILR_CBCT_NOC_RT,BX:504,2013,2.2,,S9:66
HND,ILR_CBCT_NOC_RT,BX:504,2014,3.5,,S9:66
HND,ILR_CBCT_NOC_RT,BX:504,2015,2.5,,S9:66
HND,ILR_CBCT_NOC_RT,BX:504,2016,1.9,,S9:66
HND,ILR_CBCT_NOC_RT,FX:799,2007,5.6,T32:3477,S9:66
HRV,ILR_CBCT_NOC_RT,EA:811,2013,53.6,,S9:66
HRV,ILR_CBCT_NOC_RT,EA:811,2014,49.2,,S9:66
HRV,ILR_CBCT_NOC_RT,EA:811,2015,48.2,,S9:66
HRV,ILR_CBCT_NOC_RT,EA:811,2016,46.7,,S9:66
HUN,ILR_CBCT_NOC_RT,FX:8262,2000,38.4,T32:3476,S9:66
HUN,ILR_CBCT_NOC_RT,FX:8262,2001,35.6,T32:3476,S9:66
HUN,ILR_CBCT_NOC_RT,FX:8262,2002,33.8,T32:3476,S9:66
HUN,ILR_CBCT_NOC_RT,FX:8262,2003,34.2,T32:3476,S9:66
HUN,ILR_CBCT_NOC_RT,FX:8262,2004,34.4,T32:3476,S9:66
HUN,ILR_CBCT_NOC_RT,FX:8262,2005,24.8,T32:3476,S9:66
HUN,ILR_CBCT_NOC_RT,FX:8262,2006,22.7,T32:3476,S9:66
HUN,ILR_CBCT_NOC_RT,FX:8262,2007,24.6,T32:3476,S9:66
HUN,ILR_CBCT_NOC_RT,FX:8262,2008,22.9,T32:3476,S9:66
HUN,ILR_CBCT_NOC_RT,FX:8262,2009,26.9,T32:3476,S9:66
HUN,ILR_CBCT_NOC_RT,FX:8262,2010,27.3,,S9:66
HUN,ILR_CBCT_NOC_RT,FX:8262,2011,26.4,,S9:66
HUN,ILR_CBCT_NOC_RT,FX:8262,2012,26.4,,S9:66
HUN,ILR_CBCT_NOC_RT,FX:8262,2013,25.5,,S9:66
HUN,ILR_CBCT_NOC_RT,FX:8262,2014,22.8,,S9:66
HUN,ILR_CBCT_NOC_RT,FX:8262,2015,20,,S9:66
HUN,ILR_CBCT_NOC_RT,FX:8262,2019,17.8,,S9:66
IDN,ILR_CBCT_NOC_RT,XX:8294,2003,15,T32:3477,S9:66
IDN,ILR_CBCT_NOC_RT,XX:8294,2005,12.7,T32:3477,S9:66
IDN,ILR_CBCT_NOC_RT,XX:8294,2008,10,T32:3477,S9:66
IRL,ILR_CBCT_NOC_RT,XX:8265,2000,44.2,T32:3476,S9:66
IRL,ILR_CBCT_NOC_RT,XX:8265,2001,44.2,T32:3476,S9:66
IRL,ILR_CBCT_NOC_RT,XX:8265,2005,41.7,T32:3476,S9:66
IRL,ILR_CBCT_NOC_RT,XX:8265,2009,40.5,T32:3476,S9:66
IRL,ILR_CBCT_NOC_RT,XX:8265,2014,33.5,,S9:66
ISL,ILR_CBCT_NOC_RT,XX:8264,2000,87,T32:3476,S9:66
ISL,ILR_CBCT_NOC_RT,XX:8264,2002,89,T32:3476,S9:66
ISL,ILR_CBCT_NOC_RT,XX:8264,2008,88,T32:3476,S9:66
ISL,ILR_CBCT_NOC_RT,XX:8264,2009,90,,S9:66
ISL,ILR_CBCT_NOC_RT,XX:8264,2010,90,,S9:66
ISL,ILR_CBCT_NOC_RT,XX:8264,2011,90,,S9:66
ISL,ILR_CBCT_NOC_RT,XX:8264,2012,90,,S9:66
ISL,ILR_CBCT_NOC_RT,XX:8264,2013,90,,S9:66
ISL,ILR_CBCT_NOC_RT,XX:8264,2014,90,,S9:66
ISL,ILR_CBCT_NOC_RT,XX:8264,2015,90,,S9:66
ISL,ILR_CBCT_NOC_RT,XX:8264,2016,90,,S9:66
ISL,ILR_CBCT_NOC_RT,XX:8264,2017,90,,S9:66
ISL,ILR_CBCT_NOC_RT,XX:8264,2018,90,,S9:66
ISL,ILR_CBCT_NOC_RT,XX:8264,2019,90,,S9:66
ISR,ILR_CBCT_NOC_RT,BX:6648,2012,26.1,,S9:66
ISR,ILR_CBCT_NOC_RT,BX:6648,2016,28,,S9:66
ITA,ILR_CBCT_NOC_RT,XX:8266,2000,99,T32:3476,S9:66
ITA,ILR_CBCT_NOC_RT,XX:8266,2001,99,T32:3476,S9:66
ITA,ILR_CBCT_NOC_RT,XX:8266,2002,99,T32:3476,S9:66
ITA,ILR_CBCT_NOC_RT,XX:8266,2003,99,T32:3476,S9:66
ITA,ILR_CBCT_NOC_RT,XX:8266,2004,99,T32:3476,S9:66
ITA,ILR_CBCT_NOC_RT,XX:8266,2005,99,T32:3476,S9:66
ITA,ILR_CBCT_NOC_RT,XX:8266,2006,99,T32:3476,S9:66
ITA,ILR_CBCT_NOC_RT,XX:8266,2007,99,T32:3476,S9:66
ITA,ILR_CBCT_NOC_RT,XX:8266,2008,99,T32:3476,S9:66
ITA,ILR_CBCT_NOC_RT,XX:8266,2009,99,T32:3476,S9:66
ITA,ILR_CBCT_NOC_RT,XX:8266,2010,99,T32:3476,S9:66
ITA,ILR_CBCT_NOC_RT,XX:8266,2011,99,T32:3476,S9:66
ITA,ILR_CBCT_NOC_RT,XX:8266,2012,99,T32:3476,S9:66
ITA,ILR_CBCT_NOC_RT,XX:8266,2013,99,T32:3476,S9:66
ITA,ILR_CBCT_NOC_RT,XX:8266,2014,99,T32:3476,S9:66
ITA,ILR_CBCT_NOC_RT,XX:8266,2015,99,T32:3476,S9:66
ITA,ILR_CBCT_NOC_RT,XX:8266,2016,99,T32:3476,S9:66
ITA,ILR_CBCT_NOC_RT,XX:8266,2017,99,T32:3476,S9:66
ITA,ILR_CBCT_NOC_RT,XX:8266,2018,99,T32:3476,S9:66
ITA,ILR_CBCT_NOC_RT,XX:8266,2019,99,T32:3476,S9:66
JPN,ILR_CBCT_NOC_RT,XX:8267,2000,21.1,T32:3476,S9:66
JPN,ILR_CBCT_NOC_RT,XX:8267,2005,19,T32:3476,S9:66
JPN,ILR_CBCT_NOC_RT,XX:8267,2006,18,T32:3476,S9:66
JPN,ILR_CBCT_NOC_RT,XX:8267,2007,17.8,T32:3476,S9:66
JPN,ILR_CBCT_NOC_RT,XX:8267,2008,17.6,T32:3476,S9:66
JPN,ILR_CBCT_NOC_RT,XX:8267,2009,17.9,T32:3476,S9:66
JPN,ILR_CBCT_NOC_RT,XX:8267,2010,18.4,,S9:66
JPN,ILR_CBCT_NOC_RT,XX:8267,2011,19,,S9:66
JPN,ILR_CBCT_NOC_RT,XX:8267,2012,17.9,,S9:66
JPN,ILR_CBCT_NOC_RT,XX:8267,2013,17.7,,S9:66
JPN,ILR_CBCT_NOC_RT,XX:8267,2014,17.6,,S9:66
JPN,ILR_CBCT_NOC_RT,XX:8267,2015,17.5,,S9:66
JPN,ILR_CBCT_NOC_RT,XX:8267,2016,17.3,,S9:66
JPN,ILR_CBCT_NOC_RT,XX:8267,2017,17.1,,S9:66
JPN,ILR_CBCT_NOC_RT,XX:8267,2018,16.9,,S9:66
JPN,ILR_CBCT_NOC_RT,XX:8267,2019,16.8,,S9:66
KAZ,ILR_CBCT_NOC_RT,BA:632,2009,61.2,,S9:66
KAZ,ILR_CBCT_NOC_RT,BA:632,2010,64.9,,S9:66
KAZ,ILR_CBCT_NOC_RT,BA:632,2011,65.5,,S9:66
KAZ,ILR_CBCT_NOC_RT,BA:632,2012,74.7,,S9:66
KEN,ILR_CBCT_NOC_RT,XX:16051,2019,9.7,,S9:66
KHM,ILR_CBCT_NOC_RT,BA:1321,2012,26.3,,S7:57
KHM,ILR_CBCT_NOC_RT,XX:16047,2020,1.3,,S9:66
KOR,ILR_CBCT_NOC_RT,XX:8269,2000,13.3,T32:3476,S9:66
KOR,ILR_CBCT_NOC_RT,XX:8269,2001,13.4,T32:3476,S9:66
KOR,ILR_CBCT_NOC_RT,XX:8269,2002,12.7,T32:3476,S9:66
KOR,ILR_CBCT_NOC_RT,XX:8269,2003,12.6,T32:3476,S9:66
KOR,ILR_CBCT_NOC_RT,XX:8269,2004,12.9,T32:3476,S9:66
KOR,ILR_CBCT_NOC_RT,XX:8269,2005,12.4,T32:3476,S9:66
KOR,ILR_CBCT_NOC_RT,XX:8269,2006,12.5,T32:3476,S9:66
KOR,ILR_CBCT_NOC_RT,XX:8269,2007,13.1,T32:3476,S9:66
KOR,ILR_CBCT_NOC_RT,XX:8269,2008,12.7,T32:3476,S9:66
KOR,ILR_CBCT_NOC_RT,XX:8269,2009,12.4,,S9:66
KOR,ILR_CBCT_NOC_RT,XX:8269,2010,12,,S9:66
KOR,ILR_CBCT_NOC_RT,XX:8269,2011,12.2,,S9:66
KOR,ILR_CBCT_NOC_RT,XX:8269,2012,12.4,,S9:66
KOR,ILR_CBCT_NOC_RT,XX:8269,2013,12.6,,S9:66
KOR,ILR_CBCT_NOC_RT,XX:8269,2014,12.6,,S9:66
KOR,ILR_CBCT_NOC_RT,XX:8269,2015,12.5,,S9:66
KOR,ILR_CBCT_NOC_RT,XX:8269,2016,12.5,,S9:66
KOR,ILR_CBCT_NOC_RT,XX:8269,2017,13.1,,S9:66
KOR,ILR_CBCT_NOC_RT,XX:8269,2018,14.5,,S9:66
KOR,ILR_CBCT_NOC_RT,XX:8269,2019,15.6,,S9:66
LKA,ILR_CBCT_NOC_RT,FX:661,2009,5.6,,S9:66
LKA,ILR_CBCT_NOC_RT,FX:661,2010,5.6,,S9:66
LKA,ILR_CBCT_NOC_RT,FX:661,2011,5.7,,S9:66
LKA,ILR_CBCT_NOC_RT,FX:661,2012,5.5,,S9:66
LKA,ILR_CBCT_NOC_RT,FX:661,2013,5.9,,S9:66
LKA,ILR_CBCT_NOC_RT,FX:661,2014,5.4,,S9:66
LKA,ILR_CBCT_NOC_RT,FX:661,2015,5.9,,S9:66
LKA,ILR_CBCT_NOC_RT,FX:661,2016,4.8,,S9:66
LKA,ILR_CBCT_NOC_RT,FX:661,2017,3.9,,S9:66
LKA,ILR_CBCT_NOC_RT,FX:661,2018,3.6,,S9:66
LKA,ILR_CBCT_NOC_RT,FX:661,2019,3.2,,S9:66
LTU,ILR_CBCT_NOC_RT,XX:8271,2002,15,,S9:66
LTU,ILR_CBCT_NOC_RT,XX:8271,2003,15,,S9:66
LTU,ILR_CBCT_NOC_RT,XX:8271,2006,10.7,,S9:66
LTU,ILR_CBCT_NOC_RT,XX:8271,2007,10.2,,S9:66
LTU,ILR_CBCT_NOC_RT,XX:8271,2008,9.7,,S9:66
LTU,ILR_CBCT_NOC_RT,XX:8271,2009,10.9,,S9:66
LTU,ILR_CBCT_NOC_RT,XX:8271,2010,11.1,,S9:66
LTU,ILR_CBCT_NOC_RT,XX:8271,2011,10.7,,S9:66
LTU,ILR_CBCT_NOC_RT,XX:8271,2012,9,,S9:66
LTU,ILR_CBCT_NOC_RT,XX:8271,2013,8.4,,S9:66
LTU,ILR_CBCT_NOC_RT,XX:8271,2014,8.1,,S9:66
LTU,ILR_CBCT_NOC_RT,XX:8271,2015,7.9,,S9:66
LTU,ILR_CBCT_NOC_RT,XX:8271,2016,7.7,,S9:66
LTU,ILR_CBCT_NOC_RT,XX:8271,2017,7.7,,S9:66
LTU,ILR_CBCT_NOC_RT,XX:8271,2018,7.1,,S9:66
LTU,ILR_CBCT_NOC_RT,XX:8271,2019,7.4,,S9:66
LUX,ILR_CBCT_NOC_RT,XX:8273,2000,60,T32:3476,S9:66
LUX,ILR_CBCT_NOC_RT,XX:8273,2001,59,T32:3476,S9:66
LUX,ILR_CBCT_NOC_RT,XX:8273,2002,58,T32:3476,S9:66
LUX,ILR_CBCT_NOC_RT,XX:8273,2003,58,T32:3476,S9:66
LUX,ILR_CBCT_NOC_RT,XX:8273,2004,58,T32:3476,S9:66
LUX,ILR_CBCT_NOC_RT,XX:8273,2005,58,T32:3476,S9:66
LUX,ILR_CBCT_NOC_RT,XX:8273,2006,58,T32:3476,S9:66
LUX,ILR_CBCT_NOC_RT,XX:8273,2007,58,T32:3476,S9:66
LUX,ILR_CBCT_NOC_RT,XX:8273,2008,59,T32:3476,S9:66
LUX,ILR_CBCT_NOC_RT,XX:8273,2011,54.2,,S9:66
LUX,ILR_CBCT_NOC_RT,XX:8273,2014,55,,S9:66
LVA,ILR_CBCT_NOC_RT,FI:637,2002,18,T32:3476,S9:66
LVA,ILR_CBCT_NOC_RT,FI:637,2005,15,T32:3476,S9:66
LVA,ILR_CBCT_NOC_RT,FI:637,2007,21.5,T32:3476,S9:66
LVA,ILR_CBCT_NOC_RT,FI:637,2009,20.7,T32:3476,S9:66
LVA,ILR_CBCT_NOC_RT,FI:637,2010,20.4,,S9:66
LVA,ILR_CBCT_NOC_RT,FI:637,2011,19.8,,S9:66
LVA,ILR_CBCT_NOC_RT,FI:637,2012,19.4,,S9:66
LVA,ILR_CBCT_NOC_RT,FI:637,2013,19,,S9:66
LVA,ILR_CBCT_NOC_RT,FI:637,2014,15.3,,S9:66
LVA,ILR_CBCT_NOC_RT,FI:637,2015,18.7,,S9:66
LVA,ILR_CBCT_NOC_RT,FI:637,2016,18.7,,S9:66
LVA,ILR_CBCT_NOC_RT,FI:637,2017,20.5,,S9:66
LVA,ILR_CBCT_NOC_RT,FI:637,2018,17.3,,S9:66
LVA,ILR_CBCT_NOC_RT,FI:637,2019,27.3,,S9:66
MAR,ILR_CBCT_NOC_RT,FX:16063,2016,2.8,T32:3476,S9:66
MAR,ILR_CBCT_NOC_RT,FX:16063,2017,3.1,T32:3476,S9:66
MAR,ILR_CBCT_NOC_RT,FX:16063,2018,3,T32:3476,S9:66
MAR,ILR_CBCT_NOC_RT,FX:16063,2019,2.9,T32:3476,S9:66
MAR,ILR_CBCT_NOC_RT,FX:16063,2020,3,T32:3476,S9:66
MDA,ILR_CBCT_NOC_RT,FI:638,2015,42.3,,S9:66
MDA,ILR_CBCT_NOC_RT,FI:638,2016,43,,S9:66
MDA,ILR_CBCT_NOC_RT,FI:638,2017,39.4,,S9:66
MDA,ILR_CBCT_NOC_RT,FI:638,2018,39.1,,S9:66
MDA,ILR_CBCT_NOC_RT,FI:638,2019,42.5,,S9:66
MDA,ILR_CBCT_NOC_RT,FI:638,2020,43,,S9:66
MEX,ILR_CBCT_NOC_RT,FX:466,2008,10.1,T32:3477,S9:66
MEX,ILR_CBCT_NOC_RT,FX:466,2009,9.2,T32:3477,S9:66
MEX,ILR_CBCT_NOC_RT,FX:466,2010,10.2,,S9:66
MEX,ILR_CBCT_NOC_RT,FX:466,2011,9.8,,S9:66
MEX,ILR_CBCT_NOC_RT,FX:466,2012,11,,S9:66
MEX,ILR_CBCT_NOC_RT,FX:466,2013,10.1,,S9:66
MEX,ILR_CBCT_NOC_RT,FX:466,2014,10,,S9:66
MEX,ILR_CBCT_NOC_RT,FX:466,2015,9.8,,S9:66
MEX,ILR_CBCT_NOC_RT,FX:466,2016,9.9,,S9:66
MEX,ILR_CBCT_NOC_RT,FX:466,2017,10,,S9:66
MEX,ILR_CBCT_NOC_RT,FX:466,2018,10,,S9:66
MEX,ILR_CBCT_NOC_RT,FX:466,2019,10.4,,S9:66
MKD,ILR_CBCT_NOC_RT,FX:3520,2011,49,,S9:66
MKD,ILR_CBCT_NOC_RT,FX:3520,2012,51,,S9:66
MKD,ILR_CBCT_NOC_RT,FX:3520,2013,49,,S9:66
MLT,ILR_CBCT_NOC_RT,FX:344,2002,50,,S9:66
MLT,ILR_CBCT_NOC_RT,FX:344,2006,45,,S9:66
MLT,ILR_CBCT_NOC_RT,FX:344,2010,37.9,,S9:66
MLT,ILR_CBCT_NOC_RT,FX:344,2012,41.8,,S9:66
MNE,ILR_CBCT_NOC_RT,XX:8296,2008,75,,S9:66
MUS,ILR_CBCT_NOC_RT,FX:792,2017,45,,S9:66
MUS,ILR_CBCT_NOC_RT,FX:792,2018,40,,S9:66
MWI,ILR_CBCT_NOC_RT,BA:1448,2006,20.8,T32:3477,S9:66
MWI,ILR_CBCT_NOC_RT,BA:1448,2013,18.1,,S9:66
MYS,ILR_CBCT_NOC_RT,XX:8295,2008,2.4,,S9:66
MYS,ILR_CBCT_NOC_RT,XX:8295,2011,1.6,,S9:66
MYS,ILR_CBCT_NOC_RT,XX:8295,2012,1.1,,S9:66
MYS,ILR_CBCT_NOC_RT,XX:8295,2013,1.4,,S9:66
MYS,ILR_CBCT_NOC_RT,XX:8295,2014,1.4,,S9:66
MYS,ILR_CBCT_NOC_RT,XX:8295,2015,1.2,,S9:66
MYS,ILR_CBCT_NOC_RT,XX:8295,2016,1.3,,S9:66
MYS,ILR_CBCT_NOC_RT,XX:8295,2017,0.6,,S9:66
MYS,ILR_CBCT_NOC_RT,XX:8295,2018,0.4,,S9:66
NAM,ILR_CBCT_NOC_RT,XX:16053,2016,39.1,,S9:66
NAM,ILR_CBCT_NOC_RT,XX:16053,2017,38.3,,S9:66
NAM,ILR_CBCT_NOC_RT,XX:16053,2018,38.7,,S9:66
NAM,ILR_CBCT_NOC_RT,XX:16053,2019,40.2,,S9:66
NAM,ILR_CBCT_NOC_RT,XX:16053,2020,40.9,,S9:66
NER,ILR_CBCT_NOC_RT,EA:728,2008,17.5,,S7:56_S9:66
NIC,ILR_CBCT_NOC_RT,FX:169,2009,7,T32:3477,S9:66
NIC,ILR_CBCT_NOC_RT,FX:169,2010,9,,S9:66
NIC,ILR_CBCT_NOC_RT,FX:169,2012,9.6,,S9:66
NIC,ILR_CBCT_NOC_RT,FX:169,2013,7.6,,S9:66
NIC,ILR_CBCT_NOC_RT,FX:169,2020,6.7,,S9:66
NLD,ILR_CBCT_NOC_RT,FX:6365,2000,81.7,T32:3476,S9:66
NLD,ILR_CBCT_NOC_RT,FX:6365,2001,85.9,T32:3476,S9:66
NLD,ILR_CBCT_NOC_RT,FX:6365,2002,92.7,T32:3476,S9:66
NLD,ILR_CBCT_NOC_RT,FX:6365,2003,80.4,T32:3476,S9:66
NLD,ILR_CBCT_NOC_RT,FX:6365,2004,84.9,T32:3476,S9:66
NLD,ILR_CBCT_NOC_RT,FX:6365,2005,86.8,T32:3476,S9:66
NLD,ILR_CBCT_NOC_RT,FX:6365,2006,66.8,T32:3476,S9:66
NLD,ILR_CBCT_NOC_RT,FX:6365,2007,79.1,T32:3476,S9:66
NLD,ILR_CBCT_NOC_RT,FX:6365,2008,78.6,T32:3476,S9:66
NLD,ILR_CBCT_NOC_RT,FX:6365,2009,86.3,,S9:66
NLD,ILR_CBCT_NOC_RT,FX:6365,2010,90.6,,S9:66
NLD,ILR_CBCT_NOC_RT,FX:6365,2011,87.2,,S9:66
NLD,ILR_CBCT_NOC_RT,FX:6365,2012,85.1,,S9:66
NLD,ILR_CBCT_NOC_RT,FX:6365,2013,85.7,,S9:66
NLD,ILR_CBCT_NOC_RT,FX:6365,2014,85.9,,S9:66
NLD,ILR_CBCT_NOC_RT,FX:6365,2015,79.4,,S9:66
NLD,ILR_CBCT_NOC_RT,FX:6365,2016,79.3,,S9:66
NLD,ILR_CBCT_NOC_RT,FX:6365,2017,77.1,,S9:66
NLD,ILR_CBCT_NOC_RT,FX:6365,2018,76.7,,S9:66
NLD,ILR_CBCT_NOC_RT,FX:6365,2019,75.6,,S9:66
NOR,ILR_CBCT_NOC_RT,FX:639,2002,70.5,T32:3476,S9:66
NOR,ILR_CBCT_NOC_RT,FX:639,2006,70,T32:3476,S9:66
NOR,ILR_CBCT_NOC_RT,FX:639,2009,68,T32:3476,S9:66
NOR,ILR_CBCT_NOC_RT,FX:639,2013,68,,S9:66
NOR,ILR_CBCT_NOC_RT,FX:639,2014,67,,S9:66
NOR,ILR_CBCT_NOC_RT,FX:639,2016,70,,S9:66
NOR,ILR_CBCT_NOC_RT,FX:639,2017,69,,S9:66
NZL,ILR_CBCT_NOC_RT,FX:8276,2000,20,T32:3476,S9:66
NZL,ILR_CBCT_NOC_RT,FX:8276,2001,20,T32:3476,S9:66
NZL,ILR_CBCT_NOC_RT,FX:8276,2002,19,T32:3476,S9:66
NZL,ILR_CBCT_NOC_RT,FX:8276,2003,18,T32:3476,S9:66
NZL,ILR_CBCT_NOC_RT,FX:8276,2007,17.8,T32:3476,S9:66
NZL,ILR_CBCT_NOC_RT,FX:8276,2010,15.6,,S9:66
NZL,ILR_CBCT_NOC_RT,FX:8276,2011,15.3,,S9:66
NZL,ILR_CBCT_NOC_RT,FX:8276,2016,15.9,,S9:66
NZL,ILR_CBCT_NOC_RT,FX:8276,2017,18.3,,S9:66
NZL,ILR_CBCT_NOC_RT,FX:8276,2018,19.2,,S9:66
NZL,ILR_CBCT_NOC_RT,FX:8276,2019,18.4,,S9:66
NZL,ILR_CBCT_NOC_RT,FX:8276,2020,18.6,,S9:66
PAN,ILR_CBCT_NOC_RT,EA:13415,2010,1.1,T24:201,S9:66
PAN,ILR_CBCT_NOC_RT,EA:13415,2011,1.7,T24:201,S9:66
PAN,ILR_CBCT_NOC_RT,EA:13415,2012,1.2,T24:201,S9:66
PAN,ILR_CBCT_NOC_RT,EA:13415,2013,1.3,T24:201,S9:66
PAN,ILR_CBCT_NOC_RT,EA:13415,2014,4.2,T24:201,S9:66
PAN,ILR_CBCT_NOC_RT,EA:13415,2015,1.3,T24:201,S9:66
PAN,ILR_CBCT_NOC_RT,EA:13415,2016,1,T24:201,S9:66
PAN,ILR_CBCT_NOC_RT,EA:13415,2017,2,T24:201,S9:66
PER,ILR_CBCT_NOC_RT,FX:379,2009,1.8,,S9:66
PER,ILR_CBCT_NOC_RT,FX:379,2010,1.8,,S9:66
PER,ILR_CBCT_NOC_RT,FX:379,2011,2,,S9:66
PER,ILR_CBCT_NOC_RT,FX:379,2012,2.1,,S9:66
PER,ILR_CBCT_NOC_RT,FX:379,2013,2.5,,S9:66
PER,ILR_CBCT_NOC_RT,FX:379,2014,2.6,,S9:66
PER,ILR_CBCT_NOC_RT,FX:379,2015,2.5,,S9:66
PER,ILR_CBCT_NOC_RT,FX:379,2016,2.2,,S9:66
PER,ILR_CBCT_NOC_RT,FX:379,2018,2.4,,S9:66
PER,ILR_CBCT_NOC_RT,FX:379,2020,2.6,,S9:66
PHL,ILR_CBCT_NOC_RT,DA:528,2012,1.8,,S9:66
PHL,ILR_CBCT_NOC_RT,DA:528,2014,1.6,,S9:66
PHL,ILR_CBCT_NOC_RT,DA:528,2016,1.2,,S9:66
PHL,ILR_CBCT_NOC_RT,DA:528,2018,1.4,,S9:66
PHL,ILR_CBCT_NOC_RT,FI:644,2000,3.5,,S9:66
PHL,ILR_CBCT_NOC_RT,FI:644,2005,3.5,,S9:66
PHL,ILR_CBCT_NOC_RT,FI:644,2006,1.5,,S9:66
PHL,ILR_CBCT_NOC_RT,FI:644,2007,1.4,,S9:66
PHL,ILR_CBCT_NOC_RT,FI:644,2009,1.2,,S9:66
POL,ILR_CBCT_NOC_RT,FF:434,2000,25,T32:3476,S9:66
POL,ILR_CBCT_NOC_RT,FF:434,2007,18.9,T32:3476,S9:66
POL,ILR_CBCT_NOC_RT,FF:434,2008,18.7,T32:3476,S9:66
POL,ILR_CBCT_NOC_RT,FF:434,2010,18.6,,S9:66
POL,ILR_CBCT_NOC_RT,FF:434,2011,18.1,,S9:66
POL,ILR_CBCT_NOC_RT,FF:434,2012,17.7,,S9:66
POL,ILR_CBCT_NOC_RT,FF:434,2015,17.2,,S9:66
PRT,ILR_CBCT_NOC_RT,FE:203,2000,78.6,T32:3476,S9:66
PRT,ILR_CBCT_NOC_RT,FE:203,2001,74.5,T32:3476,S9:66
PRT,ILR_CBCT_NOC_RT,FE:203,2002,72.9,T32:3476,S9:66
PRT,ILR_CBCT_NOC_RT,FE:203,2003,80.2,T32:3476,S9:66
PRT,ILR_CBCT_NOC_RT,FE:203,2004,79.8,T32:3476,S9:66
PRT,ILR_CBCT_NOC_RT,FE:203,2005,83.2,T32:3476,S9:66
PRT,ILR_CBCT_NOC_RT,FE:203,2006,80.4,T32:3476,S9:66
PRT,ILR_CBCT_NOC_RT,FE:203,2007,85.9,T32:3476,S9:66
PRT,ILR_CBCT_NOC_RT,FE:203,2008,86.1,T32:3476,S9:66
PRT,ILR_CBCT_NOC_RT,FE:203,2009,84.7,T32:3476,S9:66
PRT,ILR_CBCT_NOC_RT,FE:203,2010,77.7,T32:3476,S9:66
PRT,ILR_CBCT_NOC_RT,FE:203,2011,78.1,T32:3476,S9:66
PRT,ILR_CBCT_NOC_RT,FE:203,2012,75.4,T32:3476,S9:66
PRT,ILR_CBCT_NOC_RT,FE:203,2013,76.3,T32:3476,S9:66
PRT,ILR_CBCT_NOC_RT,FE:203,2014,74,T32:3476,S9:66
PRT,ILR_CBCT_NOC_RT,FE:203,2015,73.6,T32:3476,S9:66
PRT,ILR_CBCT_NOC_RT,FE:203,2016,74.1,T32:3476,S9:66
PRT,ILR_CBCT_NOC_RT,FE:203,2017,73.1,T32:3476,S9:66
PRT,ILR_CBCT_NOC_RT,FE:203,2018,76.5,T32:3476,S9:66
PRY,ILR_CBCT_NOC_RT,FX:1568,2011,0.8,,S9:66
PRY,ILR_CBCT_NOC_RT,FX:1568,2012,0.7,,S9:66
PRY,ILR_CBCT_NOC_RT,FX:1568,2013,0.7,,S9:66
PRY,ILR_CBCT_NOC_RT,FX:1568,2014,0.7,,S9:66
PRY,ILR_CBCT_NOC_RT,FX:1568,2015,0.7,,S9:66
PRY,ILR_CBCT_NOC_RT,FX:1568,2016,0.7,,S9:66
ROU,ILR_CBCT_NOC_RT,XX:8279,2005,85,,S9:66
ROU,ILR_CBCT_NOC_RT,XX:8279,2006,85,,S9:66
ROU,ILR_CBCT_NOC_RT,XX:8279,2007,98,,S9:66
ROU,ILR_CBCT_NOC_RT,XX:8279,2008,98,,S9:66
ROU,ILR_CBCT_NOC_RT,XX:8279,2009,98,,S9:66
ROU,ILR_CBCT_NOC_RT,XX:8279,2010,97.1,,S9:66
ROU,ILR_CBCT_NOC_RT,XX:8279,2013,35,,S9:66
ROU,ILR_CBCT_NOC_RT,XX:8279,2017,15,,S9:66
RUS,ILR_CBCT_NOC_RT,XX:8298,2007,28.3,,S9:66
RUS,ILR_CBCT_NOC_RT,XX:8298,2008,26.3,,S9:66
RUS,ILR_CBCT_NOC_RT,XX:8298,2009,26.4,,S9:66
RUS,ILR_CBCT_NOC_RT,XX:8298,2010,25.3,,S9:66
RUS,ILR_CBCT_NOC_RT,XX:8298,2011,23.9,,S9:66
RUS,ILR_CBCT_NOC_RT,XX:8298,2012,23.5,,S9:66
RUS,ILR_CBCT_NOC_RT,XX:8298,2013,22.8,,S9:66
RUS,ILR_CBCT_NOC_RT,XX:8298,2016,28.9,,S9:66
RUS,ILR_CBCT_NOC_RT,XX:8298,2017,29.6,,S9:66
RUS,ILR_CBCT_NOC_RT,XX:8298,2018,28.1,,S9:66
RUS,ILR_CBCT_NOC_RT,XX:8298,2019,28.5,,S9:66
RWA,ILR_CBCT_NOC_RT,XX:16056,2017,5.2,,S9:66
RWA,ILR_CBCT_NOC_RT,XX:16056,2018,4.9,,S9:66
RWA,ILR_CBCT_NOC_RT,XX:16056,2019,5.7,,S9:66
SEN,ILR_CBCT_NOC_RT,EA:13417,2008,14,,S9:66
SEN,ILR_CBCT_NOC_RT,EA:13417,2009,14,,S9:66
SEN,ILR_CBCT_NOC_RT,EA:13417,2010,14.3,,S9:66
SEN,ILR_CBCT_NOC_RT,EA:13417,2011,14.3,,S9:66
SEN,ILR_CBCT_NOC_RT,EA:13417,2012,14.5,,S9:66
SEN,ILR_CBCT_NOC_RT,EA:13417,2013,14.9,,S9:66
SEN,ILR_CBCT_NOC_RT,EA:13417,2014,16.3,,S9:66
SEN,ILR_CBCT_NOC_RT,EA:13417,2016,11.3,,S9:66
SEN,ILR_CBCT_NOC_RT,EA:13417,2017,10.7,,S9:66
SEN,ILR_CBCT_NOC_RT,EA:13417,2018,10.2,,S9:66
SEN,ILR_CBCT_NOC_RT,EA:13417,2019,10.1,,S9:66
SGP,ILR_CBCT_NOC_RT,XX:8299,2012,18.1,,S9:66
SLE,ILR_CBCT_NOC_RT,FX:793,2008,41,,S9:66
SLV,ILR_CBCT_NOC_RT,EA:13419,2009,4.8,,S9:66
SLV,ILR_CBCT_NOC_RT,EA:13419,2010,4.7,,S9:66
SLV,ILR_CBCT_NOC_RT,EA:13419,2011,4.1,,S9:66
SLV,ILR_CBCT_NOC_RT,EA:13419,2012,4.5,,S9:66
SLV,ILR_CBCT_NOC_RT,EA:13419,2013,8.4,,S9:66
SLV,ILR_CBCT_NOC_RT,EA:13419,2014,10,,S9:66
SLV,ILR_CBCT_NOC_RT,EA:13419,2015,4.3,,S9:66
SLV,ILR_CBCT_NOC_RT,EA:13419,2016,5,,S9:66
SLV,ILR_CBCT_NOC_RT,EA:13419,2017,4.5,,S9:66
SLV,ILR_CBCT_NOC_RT,EA:13419,2018,4.6,,S9:66
SRB,ILR_CBCT_NOC_RT,XX:8280,2010,55,,S9:66
SVK,ILR_CBCT_NOC_RT,FF:400,2000,51,T32:3476,S9:66
SVK,ILR_CBCT_NOC_RT,FF:400,2001,48,T32:3476,S9:66
SVK,ILR_CBCT_NOC_RT,FF:400,2002,48,T32:3476,S9:66
SVK,ILR_CBCT_NOC_RT,FF:400,2004,40,T32:3476,S9:66
SVK,ILR_CBCT_NOC_RT,FF:400,2006,40,T32:3476,S9:66
SVK,ILR_CBCT_NOC_RT,FF:400,2007,40,T32:3476,S9:66
SVK,ILR_CBCT_NOC_RT,FF:400,2008,40,T32:3476,S9:66
SVK,ILR_CBCT_NOC_RT,FF:400,2009,40,T32:3476,S9:66
SVK,ILR_CBCT_NOC_RT,FF:400,2011,35,,S9:66
SVK,ILR_CBCT_NOC_RT,FF:400,2013,30,,S9:66
SVK,ILR_CBCT_NOC_RT,FF:400,2015,24.4,,S9:66
SVK,ILR_CBCT_NOC_RT,FF:400,2016,25.8,,S9:66
SVK,ILR_CBCT_NOC_RT,FF:400,2017,25.1,,S9:66
SVK,ILR_CBCT_NOC_RT,FF:400,2018,21,,S9:66
SVK,ILR_CBCT_NOC_RT,FF:400,2019,22.4,,S9:66
SVN,ILR_CBCT_NOC_RT,FX:8352,2013,65.3,,S9:66
SVN,ILR_CBCT_NOC_RT,FX:8352,2014,69.2,,S9:66
SVN,ILR_CBCT_NOC_RT,FX:8352,2015,67.5,,S9:66
SVN,ILR_CBCT_NOC_RT,FX:8352,2016,70.9,,S9:66
SWE,ILR_CBCT_NOC_RT,FX:2533,2000,94,T32:3476,S9:66
SWE,ILR_CBCT_NOC_RT,FX:2533,2002,94,T32:3476,S9:66
SWE,ILR_CBCT_NOC_RT,FX:2533,2005,94,T32:3476,S9:66
SWE,ILR_CBCT_NOC_RT,FX:2533,2007,91,T32:3476,S9:66
SWE,ILR_CBCT_NOC_RT,FX:2533,2010,89,,S9:66
SWE,ILR_CBCT_NOC_RT,FX:2533,2011,88,,S9:66
SWE,ILR_CBCT_NOC_RT,FX:2533,2012,90,,S9:66
SWE,ILR_CBCT_NOC_RT,FX:2533,2013,89,,S9:66
SWE,ILR_CBCT_NOC_RT,FX:2533,2014,90,,S9:66
SWE,ILR_CBCT_NOC_RT,FX:2533,2015,90,,S9:66
SWE,ILR_CBCT_NOC_RT,FX:2533,2016,90,,S9:66
SWE,ILR_CBCT_NOC_RT,FX:2533,2017,89,,S9:66
SWE,ILR_CBCT_NOC_RT,FX:2533,2018,90,,S9:66
SWE,ILR_CBCT_NOC_RT,FX:2533,2019,90,,S9:66
SWZ,ILR_CBCT_NOC_RT,BA:1672,2016,28.4,,S9:66
TGO,ILR_CBCT_NOC_RT,XX:16058,2016,28.7,,S9:66
TGO,ILR_CBCT_NOC_RT,XX:16058,2017,24.2,,S9:66
TGO,ILR_CBCT_NOC_RT,XX:16058,2018,23.8,,S9:66
TGO,ILR_CBCT_NOC_RT,XX:16058,2019,23.8,,S9:66
THA,ILR_CBCT_NOC_RT,EB:1704,2008,1.4,,S9:66
THA,ILR_CBCT_NOC_RT,EB:1704,2009,2.1,,S9:66
THA,ILR_CBCT_NOC_RT,EB:1704,2010,1.7,,S9:66
THA,ILR_CBCT_NOC_RT,EB:1704,2011,1.8,,S9:66
THA,ILR_CBCT_NOC_RT,EB:1704,2012,2,,S9:66
THA,ILR_CBCT_NOC_RT,EB:1704,2013,2.3,,S9:66
THA,ILR_CBCT_NOC_RT,EB:1704,2014,2.6,,S9:66
THA,ILR_CBCT_NOC_RT,EB:1704,2015,2.7,,S9:66
THA,ILR_CBCT_NOC_RT,EB:1704,2016,3.1,,S9:66
THA,ILR_CBCT_NOC_RT,EB:1704,2017,2.4,,S9:66
THA,ILR_CBCT_NOC_RT,EB:1704,2018,2.2,,S9:66
THA,ILR_CBCT_NOC_RT,EB:1704,2019,2.4,,S9:66
THA,ILR_CBCT_NOC_RT,EB:1704,2020,1.1,,S9:66
TTO,ILR_CBCT_NOC_RT,XX:16059,2016,19.96,,S9:66
TTO,ILR_CBCT_NOC_RT,XX:16059,2017,19.47,,S9:66
TTO,ILR_CBCT_NOC_RT,XX:16059,2019,19.39,,S9:66
TTO,ILR_CBCT_NOC_RT,XX:16059,2020,19.87,,S9:66
TUN,ILR_CBCT_NOC_RT,FX:1724,2010,54.9,,S9:66
TUN,ILR_CBCT_NOC_RT,FX:1724,2011,55.1,,S9:66
TUN,ILR_CBCT_NOC_RT,FX:1724,2012,57.7,,S9:66
TUN,ILR_CBCT_NOC_RT,FX:1724,2013,56.2,,S9:66
TUN,ILR_CBCT_NOC_RT,FX:1724,2014,56.9,,S9:66
TUN,ILR_CBCT_NOC_RT,FX:1724,2016,64.3,,S9:66
TUN,ILR_CBCT_NOC_RT,FX:1724,2017,61.5,,S9:66
TUN,ILR_CBCT_NOC_RT,FX:1724,2018,62.4,,S9:66
TUN,ILR_CBCT_NOC_RT,FX:1724,2019,62.9,,S9:66
TUR,ILR_CBCT_NOC_RT,FX:507,2012,4.4,,S9:66
TUR,ILR_CBCT_NOC_RT,FX:507,2013,5.4,,S9:66
TUR,ILR_CBCT_NOC_RT,FX:507,2014,5.6,,S9:66
TUR,ILR_CBCT_NOC_RT,FX:507,2015,5.6,,S9:66
TUR,ILR_CBCT_NOC_RT,FX:507,2016,5.9,,S9:66
TUR,ILR_CBCT_NOC_RT,FX:507,2017,7.7,,S9:66
TUR,ILR_CBCT_NOC_RT,FX:507,2018,6.1,,S9:66
TUR,ILR_CBCT_NOC_RT,FX:507,2019,7.4,,S9:66
UGA,ILR_CBCT_NOC_RT,XX:16060,2016,15.1,T32:3476,S9:66
UGA,ILR_CBCT_NOC_RT,XX:16060,2017,29.6,T32:3476,S9:66
UGA,ILR_CBCT_NOC_RT,XX:16060,2018,32.1,T32:3476,S9:66
UGA,ILR_CBCT_NOC_RT,XX:16060,2019,30.2,T32:3476,S9:66
UKR,ILR_CBCT_NOC_RT,DA:5913,2008,55,,S9:66
UKR,ILR_CBCT_NOC_RT,DA:5913,2009,54.9,,S9:66
UKR,ILR_CBCT_NOC_RT,DA:5913,2010,54.6,,S9:66
UKR,ILR_CBCT_NOC_RT,DA:5913,2011,53.4,,S9:66
UKR,ILR_CBCT_NOC_RT,DA:5913,2012,52.8,,S9:66
UKR,ILR_CBCT_NOC_RT,DA:5913,2014,45.2,,S9:66
UKR,ILR_CBCT_NOC_RT,DA:5913,2015,45.9,,S9:66
UKR,ILR_CBCT_NOC_RT,DA:5913,2016,44.7,,S9:66
UKR,ILR_CBCT_NOC_RT,DA:5913,2017,44.1,,S9:66
UKR,ILR_CBCT_NOC_RT,DA:5913,2019,39.7,,S9:66
UKR,ILR_CBCT_NOC_RT,DA:5913,2020,40.2,,S9:66
URY,ILR_CBCT_NOC_RT,BA:348,2007,89,,S9:66
URY,ILR_CBCT_NOC_RT,BA:348,2008,92.3,,S9:66
URY,ILR_CBCT_NOC_RT,BA:348,2009,95.6,,S9:66
URY,ILR_CBCT_NOC_RT,BA:348,2010,98.5,,S9:66
URY,ILR_CBCT_NOC_RT,BA:348,2011,97.9,,S9:66
URY,ILR_CBCT_NOC_RT,BA:348,2012,91.9,,S9:66
URY,ILR_CBCT_NOC_RT,BA:348,2013,95.2,,S9:66
URY,ILR_CBCT_NOC_RT,BA:348,2014,94.8,,S9:66
URY,ILR_CBCT_NOC_RT,BA:348,2015,94.7,,S9:66
URY,ILR_CBCT_NOC_RT,BA:348,2016,94.6,,S9:66
URY,ILR_CBCT_NOC_RT,BA:348,2017,94.9,,S9:66
URY,ILR_CBCT_NOC_RT,BA:348,2018,94.7,,S9:66
USA,ILR_CBCT_NOC_RT,BA:453,2000,14.2,T32:3476,S9:66
USA,ILR_CBCT_NOC_RT,BA:453,2001,14.1,T32:3476,S9:66
USA,ILR_CBCT_NOC_RT,BA:453,2002,14,T32:3476,S9:66
USA,ILR_CBCT_NOC_RT,BA:453,2003,13.7,T32:3476,S9:66
USA,ILR_CBCT_NOC_RT,BA:453,2004,13.3,T32:3476,S9:66
USA,ILR_CBCT_NOC_RT,BA:453,2005,13.1,T32:3476,S9:66
USA,ILR_CBCT_NOC_RT,BA:453,2006,12.6,T32:3476,S9:66
USA,ILR_CBCT_NOC_RT,BA:453,2007,12.7,T32:3476,S9:66
USA,ILR_CBCT_NOC_RT,BA:453,2008,13.1,T32:3476,S9:66
USA,ILR_CBCT_NOC_RT,BA:453,2009,13,T32:3476,S9:66
USA,ILR_CBCT_NOC_RT,BA:453,2010,12.6,,S9:66
USA,ILR_CBCT_NOC_RT,BA:453,2011,12.5,,S9:66
USA,ILR_CBCT_NOC_RT,BA:453,2012,12,,S9:66
USA,ILR_CBCT_NOC_RT,BA:453,2013,11.9,,S9:66
USA,ILR_CBCT_NOC_RT,BA:453,2014,11.8,,S9:66
USA,ILR_CBCT_NOC_RT,BA:453,2015,11.8,,S9:66
USA,ILR_CBCT_NOC_RT,BA:453,2016,11.5,,S9:66
USA,ILR_CBCT_NOC_RT,BA:453,2017,11.9,,S9:66
USA,ILR_CBCT_NOC_RT,BA:453,2018,11.7,,S9:66
USA,ILR_CBCT_NOC_RT,BA:453,2019,11.6,,S9:66
USA,ILR_CBCT_NOC_RT,BA:453,2020,12.1,,S9:66
VCT,ILR_CBCT_NOC_RT,FA:9,2009,14,,S9:66
VEN,ILR_CBCT_NOC_RT,FF:386,2009,8.2,,S9:66
VEN,ILR_CBCT_NOC_RT,FF:386,2011,1.5,,S9:66
VEN,ILR_CBCT_NOC_RT,FF:386,2012,2.5,,S9:66
VEN,ILR_CBCT_NOC_RT,FF:386,2016,23.4,,S9:66
VNM,ILR_CBCT_NOC_RT,XX:16061,2015,24.7,,S9:66
VNM,ILR_CBCT_NOC_RT,XX:16061,2016,24.9,,S9:66
VNM,ILR_CBCT_NOC_RT,XX:16061,2017,24.5,,S9:66
VNM,ILR_CBCT_NOC_RT,XX:16061,2018,24.5,,S9:66
ZAF,ILR_CBCT_NOC_RT,BA:595,2010,32.9,,S9:66
ZAF,ILR_CBCT_NOC_RT,BA:595,2011,31.8,,S9:66
ZAF,ILR_CBCT_NOC_RT,BA:595,2012,32.7,,S9:66
ZAF,ILR_CBCT_NOC_RT,BA:595,2013,30.7,,S9:66
ZAF,ILR_CBCT_NOC_RT,BA:595,2014,30.8,,S9:66
ZAF,ILR_CBCT_NOC_RT,BA:595,2015,29.1,,S9:66
ZAF,ILR_CBCT_NOC_RT,BA:595,2016,29.9,,S9:66
ZAF,ILR_CBCT_NOC_RT,BA:595,2017,30,,S9:66
ZAF,ILR_CBCT_NOC_RT,BA:595,2018,30.1,,S9:66
ZAF,ILR_CBCT_NOC_RT,BA:595,2019,30.1,,S9:66
ZMB,ILR_CBCT_NOC_RT,BA:2212,2017,26,,S9:66
ZMB,ILR_CBCT_NOC_RT,BA:2212,2018,28.5,,S9:66
ZMB,ILR_CBCT_NOC_RT,BA:2212,2019,23.5,,S9:66
ZMB,ILR_CBCT_NOC_RT,BA:2212,2020,27.6,,S9:66
ZMB,ILR_CBCT_NOC_RT,FI:776,2010,38,,S9:66
